iter,tiempo_ms,gflops
0,0.640000,6.553600
1,0.149856,27.988896
