iter,tiempo_ms,gflops
0,71.510900,3.753770
1,3.825900,70.162694
2,3.780700,71.001523
3,3.749300,71.596153
4,3.719800,72.163949
5,3.729100,71.983979
6,3.734800,71.874118
7,3.984800,67.364849
8,3.802600,70.592609
9,4.160300,64.523102
10,3.853400,69.661976
11,3.742500,71.726239
12,3.734800,71.874118
13,3.722200,72.117418
14,3.616300,74.229311
15,3.753900,71.508419
