iter,tiempo_ms,gflops
0,354.520700,0.757179
1,359.182300,0.747352
2,358.852000,0.748039
3,357.530100,0.750805
4,353.200900,0.760008
5,354.341900,0.757561
6,358.331100,0.749127
7,372.529800,0.720574
8,360.160600,0.745322
9,355.055200,0.756039
10,357.615700,0.750625
11,358.222900,0.749353
12,355.291000,0.755537
13,354.601600,0.757006
14,355.251100,0.755622
15,360.269900,0.745095
