iter,tiempo_ms,gflops
0,50.107200,5.357223
1,0.994200,270.001467
2,1.182400,227.025929
3,1.639600,163.720084
4,1.046500,256.507820
5,1.045800,256.679541
6,1.026900,261.403683
7,1.141500,235.160278
8,1.095300,245.079399
9,1.234900,217.374246
10,1.019300,263.352752
11,1.312200,204.569000
12,1.013300,264.912109
13,1.061600,252.859329
14,1.166800,230.061237
15,1.163600,230.693936
