iter,tiempo_ms,gflops
0,18.069300,14.855886
1,2.041800,131.470003
2,2.151600,124.760855
3,2.995000,89.627865
4,2.054100,130.682765
5,2.382600,112.664930
6,2.598900,103.288102
7,2.611900,102.774018
8,2.759900,97.262748
9,3.370700,79.637896
10,2.710600,99.031747
11,2.759300,97.283897
12,2.027200,132.416860
13,2.049500,130.976063
14,2.042600,131.418511
15,2.284300,117.513225
