iter,tiempo_ms,gflops
0,22.204000,12.089509
1,0.675500,397.387775
2,0.706600,379.897360
3,0.941900,284.993579
4,0.707700,379.306840
5,0.908600,295.438547
6,0.696800,385.240325
7,0.911300,294.563193
8,0.682400,393.369667
9,0.738100,363.684375
10,1.028700,260.946299
11,0.704000,381.300366
12,0.759600,353.390522
13,0.704900,380.813514
14,0.726100,369.694901
15,0.700700,383.096102
